case_id,unit,kind,format,input_shape,weight_shape,boundary,p50_ms,p95_ms,mean_ms,round_p50_ms,timing_stable_20pct,model_bytes,status,quality_diagnostic_mae,quality_scope,precision_notes,source_model,model_sha256,source_graph,source_graph_sha256,input_sha256,input_scope,board_reports,board_report_sha256,warmup_per_round,timed_calls_per_round,rounds,cpu_affinity,npu_core_mask,weight_bytes,source_tensor_bytes,compressed_fraction
fused_mlp_expert_w8a8,expert_MLP_layer0,fused_mlp,w8a8,"[1, 50, 720]",fused graph,rknn_lite2_core0_fused_graph_io,2.8945784997631563,3.6527428010231233,2.7736474867257734,"[2.3601025004609255, 3.34001650026039, 2.670817499165423]",False,4524893,measured,0.00880868174135685,heldout_activation_vs_fp32_subgraph_only,"Real module graph and held-out activation; graph-level timing, not sum of linear timings",runs/qat_ptq_expert0_original/expert_layer0_mlp_int8_mmse_rk3588.rknn,9b8a2dd8aedd928512d525848415eee48d267b62551dde9ae25b765669c26839,runs/qat_ptq_expert0_original/expert_layer0_mlp_fp32.onnx,fb9e669995abff913834d0e0e061d787ed1442c4f640bccddf5d95d74057474b,8643be47f3af4ac6159cf159433e318bdac547735d08033da69d2268b7e9307f,captured held-out activation,"[""runs/hardware_supplemental_v1/fused_mlp_expert_w8a8/board_0.json"", ""runs/hardware_supplemental_v1/fused_mlp_expert_w8a8/board_1.json"", ""runs/hardware_supplemental_v1/fused_mlp_expert_w8a8/board_2.json""]","[""34bb317dbd2c403fe95def88974dc07e851d1811fb14146a485f68e397e3d8a9"", ""c1ce4dc2596557ad462d7f1800124860834d723f9c17172f3fdc582d9305dd7c"", ""eb2923d8045fe6d8f05f06f08fbe575f007995bfbbbd114299bab3c89a628f2c""]",20,100,3,,NPU_CORE_0,,,
fused_mlp_expert_float16,expert_MLP_layer0,fused_mlp,float16,"[1, 50, 720]",fused graph,rknn_lite2_core0_fused_graph_io,6.160015000205021,6.249262749042828,5.765157539990469,"[6.10328849961661, 6.1782430011589895, 6.187283998769999]",True,8910851,measured,0.00011080023250542581,heldout_activation_vs_fp32_subgraph_only,"Real module graph and held-out activation; graph-level timing, not sum of linear timings",runs/hardware_supplemental_v1/expert_fp16_compile/expert_mlp_fp16.rknn,49d6e7f61f3bcb258b848152483e20aef340d9f38f129bff03d894b1ff9de7d4,runs/qat_ptq_expert0_original/expert_layer0_mlp_fp32.onnx,fb9e669995abff913834d0e0e061d787ed1442c4f640bccddf5d95d74057474b,8643be47f3af4ac6159cf159433e318bdac547735d08033da69d2268b7e9307f,captured held-out activation,"[""runs/hardware_supplemental_v1/fused_mlp_expert_float16/board_0.json"", ""runs/hardware_supplemental_v1/fused_mlp_expert_float16/board_1.json"", ""runs/hardware_supplemental_v1/fused_mlp_expert_float16/board_2.json""]","[""d0cb5fcd4b80026dc67394f459aed67a5a3be0ade49f4e1e38c928248b344ef0"", ""efd50f2514e33f56f27d8c52d13f823cfa494a82ec13a019eb6014786e97be88"", ""22f4ed2b309405f8cbcee9e9e16d445201f45914d9d1fc58ea87dd5ec855139b""]",20,100,3,,NPU_CORE_0,,,
fused_mlp_language3_w8a8,language_MLP_layer3,fused_mlp,w8a8,"[1, 177, 960]",fused graph,rknn_lite2_core0_fused_graph_io,11.846821999824897,13.99899180050852,12.535904130005898,"[11.793012498856115, 11.822323500382481, 13.930832999903942]",True,7522271,measured,0.8245440125465393,heldout_activation_vs_fp32_subgraph_only,"Real module graph and held-out activation; graph-level timing, not sum of linear timings",runs/rknn_language3_int8_probe/mlp_int8_mmse_rk3588.rknn,89d8de9da80f87e85e6c35aead38ee796b6c1476d5a8ade1cf1cf4badfd45bf5,runs/rknn_language3_export_probe/mlp_fp32.onnx,bea3f7c05adaf2f32122d774cf773cf69ab45fcc23129c4199fedcd1a69ac060,9658e5ac29b072073b52e4b759f81c078ae86d702d98d60ef85aa91ae7542fe3,captured held-out activation,"[""runs/hardware_supplemental_v1/fused_mlp_language3_w8a8/board_0.json"", ""runs/hardware_supplemental_v1/fused_mlp_language3_w8a8/board_1.json"", ""runs/hardware_supplemental_v1/fused_mlp_language3_w8a8/board_2.json""]","[""67abd9c1cd9128bc2755db3cd47fb178f6ac362e3901e5122e22b1bb5b2b4b9c"", ""8cac68e0ef400b7b86f6a11352011716be225fba4cc4bb7943d177fb15c09d70"", ""9d4a6a1a429a3d655195881e321e8e75a51ff7ba6791638a81fd05da637759c5""]",20,100,3,,NPU_CORE_0,,,
fused_mlp_language3_float16,language_MLP_layer3,fused_mlp,float16,"[1, 177, 960]",fused graph,rknn_lite2_core0_fused_graph_io,26.92006150027737,28.554983950652968,27.14962477005732,"[26.908104000540334, 26.881126000262157, 26.976351500707096]",True,14857285,measured,0.001434813835658133,heldout_activation_vs_fp32_subgraph_only,"Real module graph and held-out activation; graph-level timing, not sum of linear timings",runs/rknn_language3_fp16_probe/mlp_fp16_rk3588.rknn,336fb18c277b32139c229608e270420ccd951a863daf11c91eb822ba4a163e45,runs/rknn_language3_export_probe/mlp_fp32.onnx,bea3f7c05adaf2f32122d774cf773cf69ab45fcc23129c4199fedcd1a69ac060,9658e5ac29b072073b52e4b759f81c078ae86d702d98d60ef85aa91ae7542fe3,captured held-out activation,"[""runs/hardware_supplemental_v1/fused_mlp_language3_float16/board_0.json"", ""runs/hardware_supplemental_v1/fused_mlp_language3_float16/board_1.json"", ""runs/hardware_supplemental_v1/fused_mlp_language3_float16/board_2.json""]","[""c7345bda68020b039708a0303b92cdcaaf187861b517852b9fa0b80fb72db013"", ""f740a0f7c5119a8d8f0547108c725d907b8030de03b1b6329ccb6601d33a3706"", ""4a657784a48b800ad01c431bc2738e2f0f9bccb1e9c265bc66236a478a3acd41""]",20,100,3,,NPU_CORE_0,,,
fused_mlp_vision11_w8a8,vision_MLP_layer11,fused_mlp,w8a8,"[1, 1024, 768]",fused graph,rknn_lite2_core0_fused_graph_io,32.093413000438886,44.260949350427836,35.08614647664217,"[31.76919799989264, 33.96403700025985, 32.055059999947844]",True,5293473,measured,0.5124924182891846,heldout_activation_vs_fp32_subgraph_only,"Real module graph and held-out activation; graph-level timing, not sum of linear timings",runs/rknn_vision11_int8_probe/mlp_int8_mmse_rk3588.rknn,530d369a399b649914c42969b9aa7906fc4c5e21c847cf41f4de3ebf6aa01e1e,runs/rknn_vision11_export_probe/mlp_fp32.onnx,2d083b9e0bde1aade992181a3c638672327ae09018c42671f98e44215b6aaf77,1f6e2cc24e31f72130cc1aa698708fbd36a19b13d6facfa676a9b8378a4ff2be,captured held-out activation,"[""runs/hardware_supplemental_v1/fused_mlp_vision11_w8a8/board_0.json"", ""runs/hardware_supplemental_v1/fused_mlp_vision11_w8a8/board_1.json"", ""runs/hardware_supplemental_v1/fused_mlp_vision11_w8a8/board_2.json""]","[""c8d4c717b5d04eb7c3bef10d8a129f0d8f17723d8bc656553037271dd6b7fbc7"", ""7c04189df701c6f44d9911fe47ee9c86342fdbaff2ca4465bfb3dc47e3d029b7"", ""dc567cdcc33eabffd4b36653633c6ae63dd31d1826329528075ef474517c9b29""]",20,100,3,,NPU_CORE_0,,,
fused_mlp_vision11_float16,vision_MLP_layer11,fused_mlp,float16,"[1, 1024, 768]",fused graph,rknn_lite2_core0_fused_graph_io,101.6799125009129,104.51942209856497,101.27924372334746,"[101.4245075002691, 101.69164099988848, 101.93679649910337]",True,9938567,measured,0.002065841807052493,heldout_activation_vs_fp32_subgraph_only,"Real module graph and held-out activation; graph-level timing, not sum of linear timings",runs/rknn_vision11_fp16_probe/mlp_fp16_rk3588.rknn,c8cbd52b2b86f4bd9e85e538e67c6ca18709be2cc059ea9ae55ba9e0b0e2e6e1,runs/rknn_vision11_export_probe/mlp_fp32.onnx,2d083b9e0bde1aade992181a3c638672327ae09018c42671f98e44215b6aaf77,1f6e2cc24e31f72130cc1aa698708fbd36a19b13d6facfa676a9b8378a4ff2be,captured held-out activation,"[""runs/hardware_supplemental_v1/fused_mlp_vision11_float16/board_0.json"", ""runs/hardware_supplemental_v1/fused_mlp_vision11_float16/board_1.json"", ""runs/hardware_supplemental_v1/fused_mlp_vision11_float16/board_2.json""]","[""7e97301c9b3360df8c6bab149e8171f0501c4dd1403e8089a8ccfd2b1a16211c"", ""40b0b94cf7f175d1135456ad43c183bc0231123e1c923bb30acc9e6a0fa6c60f"", ""bb39d63169f656271a2d7f2edf5683e33db2aa96abb02698816052bf678b14df""]",20,100,3,,NPU_CORE_0,,,
qkv_boundary_all_w8a8,expert_layer0_QKV_projection,qkv_mixed_precision_boundary,w8a8,"[1, 50, 720]",fused graph,rknn_lite2_core0_fused_graph_io,2.150507501028187,3.039612699922145,2.1954186333277903,"[2.2614819999944302, 2.158674000384053, 2.080365000438178]",True,1229200,measured,,not_measured_cost_only,Real Q/K/V projection graph; deterministic synthetic timing input; graph-level delta includes changed compute and exDataConvert,runs/expert_qkv0_ptq_v1/mlp_int8_mmse_rk3588.rknn,a924375a4c85741d52e29f95d55f7b3deb5dd11895b8a3ddb22a0e530132dfe1,,,8ee6b937ff252787c9f6a88363b183982c24f295854d83c26622a12661f585d1,synthetic cost-only,"[""runs/hardware_supplemental_v1/qkv_boundary_all_w8a8/board_0.json"", ""runs/hardware_supplemental_v1/qkv_boundary_all_w8a8/board_1.json"", ""runs/hardware_supplemental_v1/qkv_boundary_all_w8a8/board_2.json""]","[""e38d3e54528cd200f72d03764c195ce2055cc0d819b41dbec8c9e7cd9b56dccd"", ""111a3f0cd6759df4c5004de4865b642c1b90cb817d0ab655739407e7782756ee"", ""da99289f92571ab488f89782c0d07f653fbc5d93809ffb9ebd88b607ea132dd4""]",20,100,3,,NPU_CORE_0,,,
qkv_boundary_all_fp16,expert_layer0_QKV_projection,qkv_mixed_precision_boundary,float16,"[1, 50, 720]",fused graph,rknn_lite2_core0_fused_graph_io,3.057987999454781,3.729112148812419,3.1620334099958805,"[2.937764000307652, 3.108089499619382, 3.4749484993881197]",True,2361014,measured,,not_measured_cost_only,Real Q/K/V projection graph; deterministic synthetic timing input; graph-level delta includes changed compute and exDataConvert,runs/expert_qkv0_fp16_v1/mlp_fp16_rk3588.rknn,4c5a42f30f06af462dec35162ae1b359c181fc7ddf6e27b920db3d8583960988,,,8ee6b937ff252787c9f6a88363b183982c24f295854d83c26622a12661f585d1,synthetic cost-only,"[""runs/hardware_supplemental_v1/qkv_boundary_all_fp16/board_0.json"", ""runs/hardware_supplemental_v1/qkv_boundary_all_fp16/board_1.json"", ""runs/hardware_supplemental_v1/qkv_boundary_all_fp16/board_2.json""]","[""1de95023686113f8779afbe5f5cde7aa48ee2da9c3bd2a6dc03e5962f66577be"", ""952b371064fcc7b3ea38f08d8b03e92da311a1e65c02a8640b8b3062ec83ef12"", ""6e893d73e83b377031817e867f9761484bfbd9edbb2d72b7868768a3f37f3c29""]",20,100,3,,NPU_CORE_0,,,
qkv_boundary_q_fp16,expert_layer0_QKV_projection,qkv_mixed_precision_boundary,q_fp16+other_w8a8,"[1, 50, 720]",fused graph,rknn_lite2_core0_fused_graph_io,2.4939300001278752,3.272382200248103,2.6750690433315563,"[2.4733679993005353, 2.547302499806392, 2.494888000001083]",True,1916816,measured,,not_measured_cost_only,Real Q/K/V projection graph; deterministic synthetic timing input; graph-level delta includes changed compute and exDataConvert,runs/expert_qkv0_hybrid_qfp16_v1/expert_layer0_qkv_hybrid_qfp16_rk3588.rknn,aff24aac428bad56546a597db1c56094afa7877928445a73068eb277f3e0a39b,,,8ee6b937ff252787c9f6a88363b183982c24f295854d83c26622a12661f585d1,synthetic cost-only,"[""runs/hardware_supplemental_v1/qkv_boundary_q_fp16/board_0.json"", ""runs/hardware_supplemental_v1/qkv_boundary_q_fp16/board_1.json"", ""runs/hardware_supplemental_v1/qkv_boundary_q_fp16/board_2.json""]","[""99644e9541224a23e4ffbe07d75e69fbbb71fd29dc8b77724d04873af0a73229"", ""a4aa5c1168a0205df23d2fc2d5feddf7d6085bafaa2771750d6e3857df225184"", ""a320b915158dab354bd1a9178aae7600e2ee724c62fd791394c7da5c4e8ed711""]",20,100,3,,NPU_CORE_0,,,
qkv_boundary_k_fp16,expert_layer0_QKV_projection,qkv_mixed_precision_boundary,k_fp16+other_w8a8,"[1, 50, 720]",fused graph,rknn_lite2_core0_fused_graph_io,2.3542275002910173,3.1549919991448405,2.50440725997881,"[2.5141164996966836, 2.265273499688192, 2.393746999587165]",True,1461136,measured,,not_measured_cost_only,Real Q/K/V projection graph; deterministic synthetic timing input; graph-level delta includes changed compute and exDataConvert,runs/expert_qkv0_hybrid_k_v1/expert_layer0_qkv_hybrid_kfp16_rk3588.rknn,a6307a6906e4a5e803a0e3ae52efe63f74a76485c81509dc0c1a0f6822d0d97a,,,8ee6b937ff252787c9f6a88363b183982c24f295854d83c26622a12661f585d1,synthetic cost-only,"[""runs/hardware_supplemental_v1/qkv_boundary_k_fp16/board_0.json"", ""runs/hardware_supplemental_v1/qkv_boundary_k_fp16/board_1.json"", ""runs/hardware_supplemental_v1/qkv_boundary_k_fp16/board_2.json""]","[""5152b93efab1f168f7ca521c50b10be091c0007274b4430333b67f3ed4e150ab"", ""c0623bb4f5d6671593b58fe8e5248f1f8bbf984df6e6df6cb40bd47b9b795c52"", ""c602daa7e7935afb0be6d0b8ef49a2771107bbe12667c6fa83cfce729fcf1817""]",20,100,3,,NPU_CORE_0,,,
qkv_boundary_v_fp16,expert_layer0_QKV_projection,qkv_mixed_precision_boundary,v_fp16+other_w8a8,"[1, 50, 720]",fused graph,rknn_lite2_core0_fused_graph_io,2.244857500954822,3.1636243497814576,2.3649257466847,"[2.2234210000533494, 2.3126674996092333, 2.2600234997298685]",True,1461136,measured,,not_measured_cost_only,Real Q/K/V projection graph; deterministic synthetic timing input; graph-level delta includes changed compute and exDataConvert,runs/expert_qkv0_hybrid_v_v1/expert_layer0_qkv_hybrid_vfp16_rk3588.rknn,7374595f743ab14f8ad3f9bd36ccb33615e7052c2ca76ae32942e7169c98c96c,,,8ee6b937ff252787c9f6a88363b183982c24f295854d83c26622a12661f585d1,synthetic cost-only,"[""runs/hardware_supplemental_v1/qkv_boundary_v_fp16/board_0.json"", ""runs/hardware_supplemental_v1/qkv_boundary_v_fp16/board_1.json"", ""runs/hardware_supplemental_v1/qkv_boundary_v_fp16/board_2.json""]","[""eea35f3dec32ff3f87382f45104c0f86d7aa0df531ab28ccd1448bddba1ba0f7"", ""70b372e32f03db6ce39ff5d768567016ffb3cb4b771047d26dafd098d30007b0"", ""8188e2a1db8048bda873707edfce863b380716a2e765997f09cdc372ba7a883a""]",20,100,3,,NPU_CORE_0,,,
qkv_boundary_qk_fp16,expert_layer0_QKV_projection,qkv_mixed_precision_boundary,qk_fp16+v_w8a8,"[1, 50, 720]",fused graph,rknn_lite2_core0_fused_graph_io,2.659651500835025,3.3461410503150546,2.781115770000421,"[2.7618140002232394, 2.8057909994458896, 2.5497814995105728]",True,2144848,measured,,not_measured_cost_only,Real Q/K/V projection graph; deterministic synthetic timing input; graph-level delta includes changed compute and exDataConvert,runs/expert_qkv0_hybrid_qk_v1/expert_layer0_qkv_hybrid_qkfp16_rk3588.rknn,7363e556a130aef2eba402733fb24f4c9c1da3b353710d62165a125971063de8,,,8ee6b937ff252787c9f6a88363b183982c24f295854d83c26622a12661f585d1,synthetic cost-only,"[""runs/hardware_supplemental_v1/qkv_boundary_qk_fp16/board_0.json"", ""runs/hardware_supplemental_v1/qkv_boundary_qk_fp16/board_1.json"", ""runs/hardware_supplemental_v1/qkv_boundary_qk_fp16/board_2.json""]","[""6217d52db235cae19a97c3973e8de51b1ffea58db845c282ffc3866359182a0c"", ""e23f2bbe6ef5338b20ca24bc4ad8b4e64bd8da5ee2482add627a9f3c455c7645"", ""2e81f669bb478e285fe3fa0b1d32887ed43896961a09d80ddbd6bf7e156b8b2d""]",20,100,3,,NPU_CORE_0,,,
qkv_boundary_qv_fp16,expert_layer0_QKV_projection,qkv_mixed_precision_boundary,qv_fp16+k_w8a8,"[1, 50, 720]",fused graph,rknn_lite2_core0_fused_graph_io,2.6093619990206207,3.3038510009646416,2.7359763133184365,"[2.7456895004434045, 2.568384499681997, 2.5435110001126304]",True,2144848,measured,,not_measured_cost_only,Real Q/K/V projection graph; deterministic synthetic timing input; graph-level delta includes changed compute and exDataConvert,runs/expert_qkv0_hybrid_qv_v1/expert_layer0_qkv_hybrid_qvfp16_rk3588.rknn,4220ca09aade42cfd7ae76ead6d06d7c124e41f64dc872c1d11696cc0ed1d90d,,,8ee6b937ff252787c9f6a88363b183982c24f295854d83c26622a12661f585d1,synthetic cost-only,"[""runs/hardware_supplemental_v1/qkv_boundary_qv_fp16/board_0.json"", ""runs/hardware_supplemental_v1/qkv_boundary_qv_fp16/board_1.json"", ""runs/hardware_supplemental_v1/qkv_boundary_qv_fp16/board_2.json""]","[""b4292e27699a7a1e68097d853aefbc975ca61cd84587d19959a164a527639147"", ""13d83ffb859bf0d4b377e9f7129a5b8b83f1157abc4c81947867d190aa5dcfa9"", ""0581cdfa2c6263b86ce350f602a00c77339a966733e92d6c94fee30448a147a7""]",20,100,3,,NPU_CORE_0,,,
qkv_boundary_kv_fp16,expert_layer0_QKV_projection,qkv_mixed_precision_boundary,kv_fp16+q_w8a8,"[1, 50, 720]",fused graph,rknn_lite2_core0_fused_graph_io,2.415558000393503,3.2222036013990873,2.5503054366951496,"[2.4300574987137225, 2.3779974999342812, 2.4207875003412482]",True,1689168,measured,,not_measured_cost_only,Real Q/K/V projection graph; deterministic synthetic timing input; graph-level delta includes changed compute and exDataConvert,runs/expert_qkv0_hybrid_kv_v1/expert_layer0_qkv_hybrid_kvfp16_rk3588.rknn,c5d73f7b53e922f444a419c0197ec6f3736ea5e6eb0ada83a87af5fd43298e24,,,8ee6b937ff252787c9f6a88363b183982c24f295854d83c26622a12661f585d1,synthetic cost-only,"[""runs/hardware_supplemental_v1/qkv_boundary_kv_fp16/board_0.json"", ""runs/hardware_supplemental_v1/qkv_boundary_kv_fp16/board_1.json"", ""runs/hardware_supplemental_v1/qkv_boundary_kv_fp16/board_2.json""]","[""68180ca5055d342e1ffb48a6176c17c2347112360ed68d5574c562a897f929e7"", ""2ada473b5335c7f750918c129cd0dca080295ce6d36a1afbac41894ec66ec2ed"", ""b66ee91c0804f8155547895d5e9f63f81c1e7ccddf3760dc4affda8c8f560736""]",20,100,3,,NPU_CORE_0,,,
attention_core_float16,attention_QK_softmax_PV_proxy,attention_core_cost_proxy,float16,"[3, 1, 15, 50, 48]",fused graph,rknn_lite2_core0_parameter_free_attention_proxy,4.498318499827292,5.325915300090856,4.4653338432848,"[4.343242499999178, 4.596022999976412, 4.5653990000573685]",True,204085,measured,0.00015039226855151355,synthetic_activation_numerical_sanity_only,QK^T + scale + softmax + PV; parameter-free graph; not a full Transformer block,runs/hardware_supplemental_v1/attention_core_source/attention_core_float16.rknn,58ac9be61b8df537d1ee961da1b632b5cec45e57cc4b34a64fe07ef3a5570826,runs/hardware_supplemental_v1/attention_core_source/attention_core_fp32.onnx,5d061e3343bd5824da766d04919a84b0b0fcdd6bb06a243eff4f783a49970321,b8a25970f9ef32a29a5f159f3207207c5c51fe6b1a2676f01c6e02a1b4dad31e,synthetic cost-only,"[""runs/hardware_supplemental_v1/attention_core_float16/board_0.json"", ""runs/hardware_supplemental_v1/attention_core_float16/board_1.json"", ""runs/hardware_supplemental_v1/attention_core_float16/board_2.json""]","[""b4aa5493886643af2e03d6e1860e09d3ca9cfc6b367d65e7bbbe187a303954aa"", ""ff4c1fff0be18f0bb69af5cfe67c8d32df4d866ccd88313a931a0ec281a53acc"", ""138eb4f6f46f2f9578eeb8df453e4cb81f580c066b6d653a38d88cd969f2affb""]",20,100,3,,NPU_CORE_0,,,
attention_core_w8a8,attention_QK_softmax_PV_proxy,attention_core_cost_proxy,w8a8,"[3, 1, 15, 50, 48]",fused graph,rknn_lite2_core0_parameter_free_attention_proxy,3.7019584997324273,4.800763499861205,3.7772958966706938,"[4.077171000972157, 3.541257500728534, 3.698458499457047]",True,239695,measured,0.009329881519079208,synthetic_activation_numerical_sanity_only,QK^T + scale + softmax + PV; parameter-free graph; not a full Transformer block,runs/hardware_supplemental_v1/attention_core_source/attention_core_w8a8.rknn,594cd02699eee80affb1239f0144b43f58c43bf6cf87f653d527bb84bcb7c6d4,runs/hardware_supplemental_v1/attention_core_source/attention_core_fp32.onnx,5d061e3343bd5824da766d04919a84b0b0fcdd6bb06a243eff4f783a49970321,b8a25970f9ef32a29a5f159f3207207c5c51fe6b1a2676f01c6e02a1b4dad31e,synthetic cost-only,"[""runs/hardware_supplemental_v1/attention_core_w8a8/board_0.json"", ""runs/hardware_supplemental_v1/attention_core_w8a8/board_1.json"", ""runs/hardware_supplemental_v1/attention_core_w8a8/board_2.json""]","[""103997ff6746ef41785c4c5a050beb1d85948c2e6900f39eaab4b1618d60613d"", ""e529c74ba189195ad834e9fe2b18b0cdb476c7fcab3017a2e6dc4f7bda67685b"", ""497d2516631fd4efa2ada4d165383e9d2e3658fcccaab1eb907cc50c87da059e""]",20,100,3,,NPU_CORE_0,,,
embedding_native_bf16_row_lookup,language_token_embedding_cpu_lookup,cpu_embedding_lookup,native_bf16_row_lookup,"[1, 177]","[49280, 960]",cpu_numpy_lookup_and_decode_excludes_cpu_to_npu_transfer,0.22078150050219847,0.24761399981798604,0.2204133333604356,"[0.19278299987490755, 0.2379890001975582, 0.2201984998464468]",False,94617600,measured,0.0,synthetic_token_ids_embedding_output_vs_native_bf16_only,row gather + BF16 decode to FP32; storage=BF16,artifacts/transfer/model/model.safetensors,6f9a516a2836a84dbd17a84f09389de76b87200024f3764072efa54078f5f09e,model.vlm_with_expert.vlm.model.text_model.embed_tokens.weight,9a9f6413e42c0f332fccbce9a0dc796af2790f82cf002f791cdbf7e01e1afca8,a4c9efc2c563203a0f8a8c4552fdb661af4513e7384aa9a119f62d351e3e07e3,synthetic token IDs; length matches captured downstream text MLP,"[""runs/hardware_embedding_v1/board_embedding_lookup.json""]","[""66b3a34a3dc3dc4e862dcfab98f2c986a330f89f3fd4b69ba1a7ff37cdb00084""]",20,100,3,"[0, 1, 2, 3, 4, 5, 6]",,94617600,94617600,0.0
embedding_cpu_int8_row_lookup,language_token_embedding_cpu_lookup,cpu_embedding_lookup,cpu_int8_row_lookup,"[1, 177]","[49280, 960]",cpu_numpy_lookup_and_decode_excludes_cpu_to_npu_transfer,0.6390124999597901,0.7470844508134178,0.6019224234053885,"[0.6374089998644195, 0.6740115004504332, 0.5922024993196828]",True,47505920,measured,0.0021590397227555513,synthetic_token_ids_embedding_output_vs_native_bf16_only,row gather + dequantize + BF16 output rounding; storage=INT8 per-row scale,artifacts/transfer/model/model.safetensors,7392f09b1e9b8c4e3204fa9e784ae23ba32f45bbaec9d905dcd03e98fa866d3f,model.vlm_with_expert.vlm.model.text_model.embed_tokens.weight,9a9f6413e42c0f332fccbce9a0dc796af2790f82cf002f791cdbf7e01e1afca8,a4c9efc2c563203a0f8a8c4552fdb661af4513e7384aa9a119f62d351e3e07e3,synthetic token IDs; length matches captured downstream text MLP,"[""runs/hardware_embedding_v1/board_embedding_lookup.json""]","[""66b3a34a3dc3dc4e862dcfab98f2c986a330f89f3fd4b69ba1a7ff37cdb00084""]",20,100,3,"[0, 1, 2, 3, 4, 5, 6]",,47505920,94617600,0.4979166666666667
